               epoch,      train/box_loss,      train/obj_loss,      train/cls_loss,   metrics/precision,      metrics/recall,     metrics/mAP_0.5,metrics/mAP_0.5:0.95,        val/box_loss,        val/obj_loss,        val/cls_loss,               x/lr0,               x/lr1,               x/lr2
                   0,             0.10698,            0.065208,            0.058295,             0.24641,            0.041667,            0.025648,           0.0071394,            0.091786,            0.054075,            0.060675,             0.00043,             0.00043,             0.09613
                   1,            0.085845,            0.076252,            0.052483,             0.10502,             0.16898,             0.11538,            0.037729,            0.080193,            0.054286,            0.052791,          0.00086995,          0.00086995,             0.09217
                   2,            0.071902,            0.076505,             0.04253,             0.96536,             0.19471,             0.27998,             0.10344,            0.071093,              0.0537,             0.03988,           0.0013097,           0.0013097,             0.08821
                   3,            0.063726,            0.067343,            0.031976,             0.73545,              0.4595,             0.42417,             0.20316,            0.061828,            0.053083,            0.028019,           0.0017491,           0.0017491,            0.084249
                   4,            0.059942,            0.058455,            0.024635,             0.78126,             0.44676,             0.47512,              0.2404,            0.057709,            0.046357,            0.019299,           0.0021881,           0.0021881,            0.080288
                   5,            0.061766,            0.054379,            0.019278,             0.53275,             0.58153,             0.45994,             0.21989,            0.057723,             0.04135,             0.01375,           0.0026264,           0.0026264,            0.076326
                   6,            0.059333,            0.051888,            0.016703,             0.50078,             0.56225,             0.41849,             0.18617,            0.059418,            0.037563,            0.010529,           0.0030639,           0.0030639,            0.072364
                   7,            0.057507,            0.048045,            0.014117,              0.6981,             0.54181,             0.54711,             0.27596,            0.053544,            0.037189,           0.0094533,           0.0035005,           0.0035005,              0.0684
                   8,            0.060529,            0.046208,            0.012437,             0.59988,             0.58312,             0.55797,             0.23859,            0.057557,            0.036265,           0.0082759,            0.003936,            0.003936,            0.064436
                   9,            0.059754,            0.045468,             0.01186,             0.60703,             0.58356,             0.54335,             0.20739,            0.056851,            0.035627,            0.008889,           0.0043703,           0.0043703,             0.06047
                  10,            0.055734,            0.044671,            0.011599,             0.67951,             0.61152,             0.58047,             0.25969,            0.055814,            0.033942,           0.0070923,           0.0048032,           0.0048032,            0.056503
                  11,            0.058173,            0.043656,            0.011219,             0.75208,             0.61152,             0.65944,              0.3552,             0.04531,            0.036507,           0.0079341,           0.0052347,           0.0052347,            0.052535
                  12,            0.055885,            0.043346,            0.010662,             0.81579,             0.47546,             0.60119,             0.20198,            0.053119,            0.034252,            0.007592,           0.0056645,           0.0056645,            0.048564
                  13,            0.055121,            0.042516,            0.010329,             0.85602,             0.44602,             0.55282,             0.22498,            0.064214,            0.031985,           0.0080071,           0.0060925,           0.0060925,            0.044592
                  14,            0.053683,            0.042546,            0.010091,             0.57973,             0.52956,             0.50307,             0.25217,             0.05484,             0.03455,           0.0075537,           0.0065186,           0.0065186,            0.040619
                  15,            0.053852,            0.042172,            0.010227,             0.73563,             0.58929,             0.60201,             0.29041,            0.051737,            0.033307,           0.0072026,           0.0069426,           0.0069426,            0.036643
                  16,            0.050408,             0.04069,           0.0095351,             0.90786,             0.46371,             0.61631,              0.3134,            0.055743,            0.031894,           0.0068881,           0.0073644,           0.0073644,            0.032664
                  17,             0.04901,            0.039092,           0.0088436,             0.68069,             0.63926,             0.65095,             0.32692,            0.052174,            0.034566,             0.00648,           0.0077838,           0.0077838,            0.028684
                  18,            0.054567,            0.039426,           0.0092207,             0.67378,             0.55096,              0.6091,             0.24868,            0.054297,            0.033847,           0.0073416,           0.0082008,           0.0082008,            0.024701
                  19,            0.051347,            0.039835,           0.0093442,              0.7331,             0.62476,             0.63004,             0.35755,            0.044931,            0.034592,           0.0061756,           0.0086151,           0.0086151,            0.020715
                  20,            0.048011,            0.039248,            0.008715,             0.60547,             0.67486,             0.60304,             0.29834,            0.058606,            0.032399,           0.0061896,           0.0090267,           0.0090267,            0.016727
                  21,            0.048495,              0.0397,           0.0088908,             0.85127,             0.61678,             0.70519,             0.38399,            0.043457,            0.034118,           0.0059808,           0.0094354,           0.0094354,            0.012735
                  22,            0.045986,            0.037786,           0.0084867,             0.85339,             0.62296,             0.69118,             0.37121,            0.050004,            0.032723,            0.005497,            0.009734,            0.009734,            0.009734
                  23,            0.045652,            0.038613,            0.008768,             0.81323,             0.69087,             0.70651,             0.42004,            0.037764,            0.038006,            0.005712,            0.009734,            0.009734,            0.009734
                  24,             0.04189,            0.038357,           0.0078735,             0.86116,             0.68068,             0.71591,             0.43145,            0.042678,             0.03525,           0.0058214,           0.0097095,           0.0097095,           0.0097095
                  25,            0.038622,            0.037381,           0.0079918,             0.81156,             0.77924,             0.77047,             0.44592,             0.03609,            0.033579,           0.0045201,            0.009684,            0.009684,            0.009684
                  26,             0.04048,            0.036436,           0.0071599,             0.84347,             0.73091,             0.75461,             0.41012,            0.043405,            0.032897,           0.0045709,           0.0096575,           0.0096575,           0.0096575
                  27,            0.035761,             0.03586,           0.0073173,             0.88976,             0.68228,             0.74625,             0.46406,            0.035489,              0.0341,           0.0044777,           0.0096299,           0.0096299,           0.0096299
                  28,             0.03687,            0.036633,           0.0066538,             0.93347,             0.76357,             0.78137,              0.4677,            0.038004,            0.030594,           0.0043251,           0.0096013,           0.0096013,           0.0096013
                  29,            0.035204,            0.035415,           0.0066301,              0.9567,             0.77028,             0.79553,             0.52321,            0.034032,            0.030494,           0.0046147,           0.0095717,           0.0095717,           0.0095717
                  30,            0.034968,            0.034961,           0.0069375,             0.89737,             0.77175,             0.77693,             0.47702,            0.036816,            0.031599,           0.0039858,           0.0095411,           0.0095411,           0.0095411
                  31,            0.033725,            0.034437,            0.006037,             0.85105,             0.77647,             0.77554,             0.49332,            0.033632,             0.03641,           0.0041096,           0.0095095,           0.0095095,           0.0095095
                  32,            0.034901,            0.035441,           0.0066085,              0.8425,             0.70371,             0.75679,              0.4645,            0.034774,            0.036813,           0.0042593,           0.0094769,           0.0094769,           0.0094769
                  33,             0.03226,            0.034894,           0.0060033,             0.87306,             0.77113,              0.7863,             0.52794,               0.033,            0.034341,           0.0040971,           0.0094434,           0.0094434,           0.0094434
                  34,            0.032017,            0.034615,           0.0061548,             0.69814,             0.73054,               0.741,              0.4653,            0.037223,             0.03711,           0.0043826,           0.0094088,           0.0094088,           0.0094088
                  35,            0.033417,             0.03518,           0.0059269,             0.85414,             0.67068,             0.74605,             0.49011,            0.033281,            0.038512,           0.0038023,           0.0093733,           0.0093733,           0.0093733
                  36,            0.031773,            0.032167,           0.0059378,             0.85481,             0.70421,             0.71759,             0.40578,            0.036566,            0.038501,           0.0043618,           0.0093369,           0.0093369,           0.0093369
                  37,            0.030725,            0.032715,           0.0055799,             0.84943,             0.72753,             0.71384,             0.46259,            0.034344,            0.040509,            0.004441,           0.0092995,           0.0092995,           0.0092995
                  38,            0.031595,            0.032654,           0.0054197,             0.83626,             0.72658,              0.6989,             0.40198,            0.038274,            0.037449,           0.0036983,           0.0092611,           0.0092611,           0.0092611
                  39,            0.029181,            0.032254,           0.0055528,             0.88055,             0.70041,             0.71261,             0.48191,            0.033252,            0.035069,           0.0033319,           0.0092219,           0.0092219,           0.0092219
                  40,            0.030439,            0.031713,           0.0055469,             0.70236,             0.75605,             0.75798,             0.50021,            0.030446,            0.033036,           0.0030093,           0.0091817,           0.0091817,           0.0091817
                  41,            0.030058,            0.031915,           0.0052161,             0.87781,             0.73696,              0.7617,             0.51203,            0.033234,            0.033477,           0.0029699,           0.0091406,           0.0091406,           0.0091406
                  42,            0.028552,            0.031407,           0.0053138,             0.87153,             0.73953,             0.74473,             0.49317,            0.031577,            0.036374,           0.0035306,           0.0090986,           0.0090986,           0.0090986
                  43,            0.027539,            0.031159,           0.0050796,             0.85385,             0.71858,             0.75537,             0.52431,            0.029467,            0.033818,           0.0030094,           0.0090557,           0.0090557,           0.0090557
                  44,            0.030765,            0.032683,           0.0052384,             0.68248,             0.80065,             0.77558,             0.46103,            0.036077,            0.031858,           0.0030279,           0.0090119,           0.0090119,           0.0090119
                  45,            0.028415,            0.031508,           0.0051637,             0.66591,             0.78132,              0.7526,             0.50742,            0.031268,            0.036198,           0.0030926,           0.0089673,           0.0089673,           0.0089673
                  46,            0.031081,            0.032072,           0.0049436,             0.85935,             0.69062,             0.71981,             0.45063,            0.036659,            0.037298,           0.0033399,           0.0089218,           0.0089218,           0.0089218
                  47,            0.027907,            0.030889,           0.0047683,              0.8534,             0.71178,             0.72389,             0.50081,            0.031913,            0.038203,           0.0035035,           0.0088755,           0.0088755,           0.0088755
                  48,            0.029131,            0.030333,             0.00473,             0.77936,             0.73092,             0.74342,              0.4595,            0.038064,            0.039689,            0.003195,           0.0088283,           0.0088283,           0.0088283
                  49,            0.026787,            0.030017,           0.0047649,              0.8438,             0.74268,             0.75805,             0.51164,            0.031297,            0.038682,           0.0032287,           0.0087804,           0.0087804,           0.0087804
                  50,            0.028833,            0.031072,           0.0047208,             0.81157,             0.77841,             0.76051,              0.4798,            0.035852,            0.038137,           0.0032594,           0.0087316,           0.0087316,           0.0087316
                  51,            0.025623,            0.029958,           0.0047312,             0.90976,             0.69354,             0.74041,             0.51414,             0.03028,            0.039989,           0.0037978,            0.008682,            0.008682,            0.008682
                  52,              0.0269,            0.030281,           0.0049912,             0.87605,             0.73603,             0.75231,             0.50819,            0.033504,            0.036183,           0.0033392,           0.0086316,           0.0086316,           0.0086316
                  53,            0.025831,            0.028929,           0.0050213,             0.92504,             0.65713,             0.75381,             0.51057,            0.031853,            0.037108,           0.0027223,           0.0085805,           0.0085805,           0.0085805
                  54,            0.026486,            0.029447,           0.0046027,             0.84163,             0.75898,             0.76525,             0.49814,            0.033177,             0.03761,           0.0027695,           0.0085286,           0.0085286,           0.0085286
                  55,            0.024845,            0.029233,            0.004567,             0.82719,             0.77495,             0.73543,             0.48458,            0.033175,            0.038751,           0.0028909,           0.0084759,           0.0084759,           0.0084759
                  56,            0.025386,             0.03012,            0.004324,             0.83802,              0.7445,             0.72432,             0.49012,            0.031702,            0.040821,            0.003113,           0.0084225,           0.0084225,           0.0084225
                  57,            0.025094,            0.028313,            0.004492,             0.85597,             0.75937,             0.74687,             0.51475,            0.032341,            0.037271,           0.0028176,           0.0083684,           0.0083684,           0.0083684
                  58,             0.02657,            0.029331,           0.0045419,             0.83506,             0.76651,             0.75493,             0.52561,            0.031118,            0.036769,           0.0029055,           0.0083136,           0.0083136,           0.0083136
                  59,            0.023907,            0.029091,           0.0044607,             0.86562,             0.72152,              0.7284,             0.49841,            0.031651,            0.039451,           0.0034432,           0.0082581,           0.0082581,           0.0082581
                  60,             0.02529,            0.028005,           0.0046106,              0.8493,             0.73104,             0.73819,             0.53036,            0.029993,             0.04049,           0.0034652,           0.0082019,           0.0082019,           0.0082019
                  61,             0.02659,            0.029587,           0.0043098,             0.87733,             0.69363,             0.73907,             0.51751,             0.03183,            0.039278,            0.003502,            0.008145,            0.008145,            0.008145
                  62,            0.026139,             0.02821,           0.0044716,             0.87147,             0.71021,              0.7298,             0.52331,             0.03169,            0.041056,           0.0034851,           0.0080875,           0.0080875,           0.0080875
                  63,            0.026361,            0.029384,           0.0044938,             0.82671,             0.75708,             0.72691,             0.47481,            0.033832,            0.037054,           0.0031396,           0.0080294,           0.0080294,           0.0080294
                  64,            0.025577,            0.028907,           0.0042403,             0.80362,             0.75035,             0.72277,             0.49303,             0.03185,            0.041686,           0.0033095,           0.0079706,           0.0079706,           0.0079706
                  65,            0.025465,            0.027974,           0.0044941,             0.87252,             0.70004,             0.72792,             0.48851,            0.036002,            0.039343,           0.0032542,           0.0079112,           0.0079112,           0.0079112
                  66,            0.024328,            0.027721,           0.0040608,             0.85284,             0.74113,             0.77337,             0.55808,            0.029813,            0.036475,           0.0031236,           0.0078512,           0.0078512,           0.0078512
                  67,            0.025326,            0.028121,           0.0042448,             0.87768,             0.71831,             0.73141,             0.50506,            0.033004,            0.037338,           0.0032604,           0.0077907,           0.0077907,           0.0077907
                  68,            0.024463,            0.027257,           0.0045871,             0.87249,             0.71101,             0.75104,             0.52768,            0.031369,            0.038449,           0.0035552,           0.0077296,           0.0077296,           0.0077296
                  69,            0.022155,            0.027202,           0.0041271,             0.85376,             0.72753,             0.75354,             0.51389,            0.032175,            0.038022,           0.0033739,           0.0076679,           0.0076679,           0.0076679
                  70,            0.021445,            0.026762,           0.0043598,              0.8305,             0.70921,             0.73428,             0.50948,            0.030764,            0.039649,           0.0033757,           0.0076057,           0.0076057,           0.0076057
                  71,            0.023986,            0.026931,            0.003964,             0.83615,             0.72286,             0.73707,              0.5104,            0.032161,            0.037259,           0.0031815,            0.007543,            0.007543,            0.007543
                  72,            0.025099,            0.027984,           0.0042282,             0.87678,             0.72565,             0.74007,             0.52037,            0.029515,             0.03777,           0.0031891,           0.0074797,           0.0074797,           0.0074797
                  73,            0.024342,            0.028116,           0.0040093,             0.86191,             0.73226,             0.75596,              0.5182,            0.030417,            0.036878,            0.003018,            0.007416,            0.007416,            0.007416
                  74,            0.022903,            0.026318,           0.0038483,             0.89038,             0.72366,             0.76671,             0.53216,            0.030042,            0.036456,           0.0029429,           0.0073518,           0.0073518,           0.0073518
                  75,            0.021438,            0.026824,           0.0041976,             0.88075,             0.74954,              0.7642,             0.51351,            0.031721,            0.037376,           0.0027207,           0.0072872,           0.0072872,           0.0072872
                  76,            0.022139,            0.025855,           0.0041218,             0.79559,             0.78658,             0.74228,              0.5025,            0.032833,            0.039587,           0.0027075,           0.0072221,           0.0072221,           0.0072221
                  77,            0.020531,            0.026112,           0.0039346,             0.80656,             0.74651,             0.73638,              0.5132,            0.030469,            0.040697,           0.0029171,           0.0071566,           0.0071566,           0.0071566
                  78,            0.023677,            0.027426,           0.0039095,             0.80049,             0.76743,              0.7382,             0.50306,            0.032672,            0.040891,           0.0030372,           0.0070906,           0.0070906,           0.0070906
                  79,            0.021405,            0.026259,            0.003933,             0.91191,              0.6467,             0.74812,             0.51916,            0.030324,            0.038256,            0.002718,           0.0070243,           0.0070243,           0.0070243
                  80,            0.021909,             0.02646,            0.003784,             0.80884,             0.79062,             0.75139,             0.49629,            0.031868,             0.03836,           0.0026594,           0.0069576,           0.0069576,           0.0069576
                  81,            0.020922,            0.024756,           0.0040262,             0.84398,             0.78425,             0.76132,             0.52295,             0.02941,            0.038045,           0.0027516,           0.0068906,           0.0068906,           0.0068906
                  82,            0.020504,            0.025612,            0.004072,             0.89419,             0.69644,              0.7536,             0.53272,             0.02962,            0.039165,           0.0025829,           0.0068232,           0.0068232,           0.0068232
                  83,            0.021744,            0.026433,           0.0038333,              0.8652,             0.73174,             0.75298,             0.50245,            0.031966,            0.042237,           0.0027927,           0.0067555,           0.0067555,           0.0067555
                  84,            0.023597,            0.025612,           0.0035899,             0.86451,             0.77805,              0.7457,             0.52732,            0.031496,            0.038681,           0.0030337,           0.0066874,           0.0066874,           0.0066874
                  85,            0.021388,            0.026021,           0.0039367,             0.85335,             0.77669,             0.74649,             0.51683,            0.030675,            0.038422,           0.0025902,           0.0066191,           0.0066191,           0.0066191
                  86,            0.021031,            0.025326,           0.0040355,             0.82516,             0.78415,             0.74009,             0.50766,            0.030753,            0.040037,           0.0025138,           0.0065505,           0.0065505,           0.0065505
                  87,            0.023014,            0.025639,           0.0038162,             0.85985,             0.75543,             0.72286,             0.47716,            0.033279,            0.038753,           0.0027506,           0.0064816,           0.0064816,           0.0064816
                  88,             0.02108,            0.025976,           0.0040357,             0.84504,             0.74296,             0.73459,             0.51277,            0.031511,            0.039981,           0.0029584,           0.0064125,           0.0064125,           0.0064125
                  89,            0.019928,             0.02501,           0.0035233,             0.81814,             0.78475,             0.75228,             0.49577,            0.032192,            0.037811,           0.0027582,           0.0063432,           0.0063432,           0.0063432
                  90,            0.020971,            0.025012,            0.003728,             0.85724,             0.76295,             0.74413,             0.50991,            0.031726,            0.036522,           0.0027499,           0.0062737,           0.0062737,           0.0062737
                  91,            0.021389,            0.025192,           0.0038445,             0.84439,             0.78178,             0.76983,             0.51233,            0.032591,            0.036215,           0.0028243,            0.006204,            0.006204,            0.006204
                  92,            0.020732,             0.02333,           0.0039289,             0.84842,             0.76696,             0.76024,             0.52302,            0.030388,            0.035782,           0.0025584,           0.0061341,           0.0061341,           0.0061341
                  93,            0.020074,            0.023908,           0.0037321,             0.86583,             0.76806,             0.74764,             0.51411,            0.031745,            0.035629,           0.0025273,            0.006064,            0.006064,            0.006064
                  94,            0.020057,            0.025076,           0.0038783,             0.86952,             0.75702,             0.74082,             0.53002,            0.030029,            0.037661,           0.0024969,           0.0059938,           0.0059938,           0.0059938
                  95,            0.018516,            0.023188,           0.0037039,             0.86686,             0.76089,             0.75361,             0.52607,            0.031211,            0.038939,           0.0025592,           0.0059235,           0.0059235,           0.0059235
                  96,            0.020009,            0.023031,           0.0036832,             0.86366,              0.7593,             0.75029,             0.51955,            0.031772,            0.037719,           0.0022668,           0.0058531,           0.0058531,           0.0058531
                  97,            0.019217,            0.023906,           0.0039227,             0.86396,              0.7676,             0.75137,             0.51622,            0.030127,            0.037874,           0.0022024,           0.0057826,           0.0057826,           0.0057826
                  98,            0.019465,            0.024102,           0.0036076,             0.87438,             0.74383,             0.73128,             0.52319,            0.029894,            0.040163,           0.0024013,            0.005712,            0.005712,            0.005712
                  99,             0.01905,            0.024161,           0.0035449,              0.8735,             0.78132,             0.74392,             0.51983,            0.030519,            0.039301,           0.0025105,           0.0056413,           0.0056413,           0.0056413
                 100,            0.019119,            0.023983,           0.0040426,              0.8679,             0.75334,             0.75054,             0.52012,            0.030328,            0.039456,           0.0026034,           0.0055707,           0.0055707,           0.0055707
                 101,            0.019493,            0.024481,           0.0038002,             0.87006,             0.73757,             0.75264,             0.50589,            0.032915,              0.0398,           0.0027983,              0.0055,              0.0055,              0.0055
                 102,            0.019387,            0.023373,           0.0032952,             0.83552,             0.77669,             0.75845,             0.53307,            0.030181,            0.039238,           0.0026257,           0.0054293,           0.0054293,           0.0054293
                 103,            0.019571,            0.023672,           0.0035853,             0.86915,              0.7422,             0.74325,             0.50986,            0.030696,            0.039278,           0.0025552,           0.0053587,           0.0053587,           0.0053587
                 104,             0.01962,            0.023535,           0.0036633,             0.86411,             0.74412,             0.75222,             0.53114,            0.028932,            0.039399,           0.0027622,            0.005288,            0.005288,            0.005288
                 105,            0.018104,            0.023041,           0.0030896,             0.83862,              0.7762,             0.74672,             0.50711,            0.030134,             0.04018,           0.0025783,           0.0052174,           0.0052174,           0.0052174
                 106,            0.018555,            0.023539,           0.0034779,             0.84515,             0.77776,             0.75885,             0.53469,              0.0304,            0.040551,           0.0025401,           0.0051469,           0.0051469,           0.0051469
                 107,            0.018731,            0.023006,           0.0031789,             0.88012,             0.73117,             0.75821,             0.52845,            0.031548,            0.040248,            0.002568,           0.0050765,           0.0050765,           0.0050765
                 108,            0.018517,            0.023319,           0.0036548,             0.89987,             0.70978,             0.75485,             0.54668,            0.030293,            0.039686,           0.0024504,           0.0050062,           0.0050062,           0.0050062
                 109,             0.01766,            0.022079,           0.0034654,             0.86105,             0.75089,             0.74282,             0.52295,            0.030511,             0.04029,           0.0021778,            0.004936,            0.004936,            0.004936
                 110,            0.017319,            0.022936,           0.0032681,             0.83726,             0.73856,             0.73699,             0.51151,            0.030669,            0.039144,           0.0022432,           0.0048659,           0.0048659,           0.0048659
                 111,            0.016701,            0.021389,           0.0035342,             0.88209,             0.73292,             0.74077,              0.5219,            0.030029,            0.037961,           0.0021615,            0.004796,            0.004796,            0.004796
                 112,            0.017745,             0.02265,           0.0031566,             0.90775,              0.7127,             0.75415,              0.5238,            0.031302,            0.037302,           0.0020119,           0.0047263,           0.0047263,           0.0047263
                 113,             0.01749,            0.022499,           0.0033065,             0.91031,             0.70306,             0.76702,             0.53218,            0.030174,            0.037276,           0.0021623,           0.0046568,           0.0046568,           0.0046568
                 114,             0.01854,            0.023012,           0.0034813,             0.87687,             0.73853,             0.75607,             0.54719,            0.028908,             0.03858,           0.0024036,           0.0045875,           0.0045875,           0.0045875
                 115,             0.01785,            0.022909,           0.0032461,             0.92908,             0.68146,              0.7447,             0.52912,             0.03028,            0.041906,           0.0024641,           0.0045184,           0.0045184,           0.0045184
                 116,            0.017974,            0.022711,           0.0031533,             0.90711,             0.70881,             0.75511,             0.54677,            0.029248,            0.039132,           0.0022417,           0.0044495,           0.0044495,           0.0044495
                 117,            0.016716,            0.021678,           0.0031844,             0.86708,             0.74139,             0.74656,             0.53386,            0.030548,            0.040738,           0.0019862,           0.0043809,           0.0043809,           0.0043809
                 118,            0.016609,             0.02103,           0.0033507,             0.88099,             0.71864,             0.75214,             0.52924,            0.029648,            0.039939,            0.001894,           0.0043126,           0.0043126,           0.0043126
                 119,            0.017026,            0.022826,           0.0029917,             0.87675,             0.73421,              0.7594,             0.51861,            0.030106,            0.040383,           0.0019131,           0.0042445,           0.0042445,           0.0042445
                 120,            0.016622,            0.021346,           0.0032704,             0.87147,             0.74715,             0.74252,             0.52992,             0.02904,            0.041157,           0.0018348,           0.0041768,           0.0041768,           0.0041768
                 121,            0.016191,            0.021687,           0.0030869,             0.86669,             0.74834,              0.7399,             0.51141,            0.029252,            0.041162,           0.0018939,           0.0041094,           0.0041094,           0.0041094
                 122,            0.016559,            0.021649,           0.0031828,             0.86934,             0.73723,              0.7524,             0.52543,            0.028612,            0.040798,           0.0018213,           0.0040424,           0.0040424,           0.0040424
                 123,             0.01647,            0.021887,           0.0031059,             0.88903,             0.71089,             0.75404,             0.52112,            0.029684,            0.041614,           0.0019438,           0.0039757,           0.0039757,           0.0039757
                 124,             0.01646,             0.02239,           0.0031301,             0.88598,             0.73526,              0.7603,             0.53169,            0.029192,            0.041518,           0.0018304,           0.0039094,           0.0039094,           0.0039094
                 125,             0.01638,            0.021266,           0.0031788,             0.86308,             0.76743,             0.75406,             0.51862,            0.030513,            0.040169,            0.001902,           0.0038434,           0.0038434,           0.0038434
                 126,            0.015914,            0.020593,           0.0028367,             0.89116,             0.76233,             0.75669,             0.54417,             0.02927,            0.039259,           0.0017916,           0.0037779,           0.0037779,           0.0037779
                 127,            0.016332,            0.020308,             0.00296,             0.88289,             0.75272,             0.74776,             0.52299,            0.031192,            0.042176,            0.001911,           0.0037128,           0.0037128,           0.0037128
                 128,            0.016121,            0.021833,           0.0029267,             0.84037,              0.7518,             0.74895,             0.52983,            0.029257,            0.043239,           0.0019144,           0.0036482,           0.0036482,           0.0036482
                 129,            0.015822,            0.020801,           0.0030724,             0.85846,             0.74888,             0.75703,             0.53062,            0.030145,            0.042552,           0.0020072,            0.003584,            0.003584,            0.003584
                 130,            0.015651,            0.020421,            0.003263,             0.83463,             0.76688,             0.75855,             0.54575,             0.02959,            0.043828,           0.0021284,           0.0035203,           0.0035203,           0.0035203
                 131,            0.015346,            0.020078,           0.0031667,              0.8384,             0.75762,             0.75104,             0.52589,             0.03092,            0.045071,           0.0022865,            0.003457,            0.003457,            0.003457
                 132,            0.015459,            0.020207,           0.0029206,             0.84833,             0.74838,             0.74735,             0.54066,            0.029625,            0.043023,           0.0021779,           0.0033943,           0.0033943,           0.0033943
                 133,            0.014784,            0.019644,           0.0027021,             0.87066,             0.73456,             0.75174,             0.53689,            0.029773,             0.04269,           0.0020391,           0.0033321,           0.0033321,           0.0033321
                 134,            0.015388,            0.021111,           0.0029643,             0.88723,              0.7201,             0.74014,             0.52388,            0.029778,            0.043234,           0.0019823,           0.0032704,           0.0032704,           0.0032704
                 135,            0.014849,            0.019608,           0.0030491,             0.84347,             0.74314,             0.74091,             0.52866,            0.029177,            0.044497,           0.0019688,           0.0032093,           0.0032093,           0.0032093
                 136,            0.015231,            0.019939,           0.0029513,             0.80841,             0.77639,             0.74968,              0.5384,            0.029712,            0.045837,           0.0018869,           0.0031488,           0.0031488,           0.0031488
                 137,            0.014756,            0.020196,           0.0030384,             0.86017,             0.74111,             0.76067,             0.54899,            0.029643,            0.041965,           0.0016923,           0.0030888,           0.0030888,           0.0030888
                 138,            0.014969,            0.019555,           0.0028746,             0.86398,             0.72515,             0.74688,             0.52679,            0.030228,            0.044731,           0.0017501,           0.0030294,           0.0030294,           0.0030294
                 139,            0.013993,             0.01971,           0.0026704,             0.87042,             0.74262,             0.75003,             0.53687,            0.029958,            0.043007,           0.0017504,           0.0029706,           0.0029706,           0.0029706
                 140,            0.014522,            0.019882,           0.0028219,             0.87411,             0.75025,             0.75101,              0.5227,            0.031138,            0.042749,           0.0017337,           0.0029125,           0.0029125,           0.0029125
                 141,            0.014932,            0.019945,           0.0030395,             0.85627,             0.71923,             0.74703,             0.52358,            0.030253,            0.049087,           0.0019273,            0.002855,            0.002855,            0.002855
                 142,            0.014267,            0.020073,           0.0026974,              0.8546,             0.72114,             0.74331,             0.52085,            0.030165,            0.048885,           0.0018546,           0.0027981,           0.0027981,           0.0027981
                 143,            0.014016,            0.019147,           0.0027428,              0.8279,              0.7475,             0.75693,             0.53701,            0.029336,            0.046597,           0.0017188,           0.0027419,           0.0027419,           0.0027419
                 144,            0.014406,            0.019654,           0.0029925,             0.88814,             0.68438,             0.76073,             0.53951,            0.028902,            0.047537,           0.0016654,           0.0026864,           0.0026864,           0.0026864
                 145,             0.01422,            0.019436,           0.0031099,             0.93342,             0.66114,             0.75336,             0.53309,            0.029841,            0.049183,           0.0017196,           0.0026316,           0.0026316,           0.0026316
                 146,            0.013643,            0.019476,           0.0025655,             0.87845,              0.6918,              0.7553,              0.5309,            0.029499,            0.049699,           0.0016675,           0.0025775,           0.0025775,           0.0025775
                 147,            0.013391,            0.019229,           0.0025055,             0.90454,             0.69312,             0.75667,             0.53248,            0.029058,             0.04385,           0.0015534,           0.0025241,           0.0025241,           0.0025241
                 148,            0.014171,            0.019957,           0.0027643,             0.83674,             0.77184,             0.76798,             0.54164,            0.029264,            0.042856,           0.0015324,           0.0024714,           0.0024714,           0.0024714
                 149,            0.013776,            0.018928,            0.002861,             0.84288,             0.75805,             0.76042,             0.55463,            0.028653,            0.042821,           0.0015602,           0.0024195,           0.0024195,           0.0024195
                 150,            0.013732,            0.019251,           0.0026643,             0.83899,             0.75808,             0.75581,             0.54213,            0.029451,            0.044356,           0.0015837,           0.0023684,           0.0023684,           0.0023684
                 151,            0.013804,            0.019916,           0.0026729,             0.85276,             0.75043,             0.74937,             0.54066,            0.028843,            0.043219,           0.0015662,            0.002318,            0.002318,            0.002318
                 152,            0.013235,            0.018638,           0.0026946,             0.83033,             0.75809,             0.74577,             0.53664,            0.028949,            0.045335,           0.0016512,           0.0022684,           0.0022684,           0.0022684
                 153,            0.013035,            0.018966,           0.0029342,             0.82895,             0.75258,             0.73808,             0.53896,             0.02877,            0.047077,            0.001786,           0.0022196,           0.0022196,           0.0022196
                 154,            0.012615,            0.018038,           0.0024928,             0.84055,              0.7564,             0.74704,             0.53523,            0.028778,            0.048231,           0.0017184,           0.0021717,           0.0021717,           0.0021717
                 155,            0.012917,               0.019,           0.0026607,             0.83241,             0.75817,             0.75254,             0.54272,             0.02911,             0.04935,           0.0017335,           0.0021245,           0.0021245,           0.0021245
                 156,            0.013368,            0.018305,           0.0028322,             0.82557,              0.7797,             0.74147,             0.53416,            0.029217,            0.047393,           0.0017476,           0.0020782,           0.0020782,           0.0020782
                 157,            0.013006,            0.018055,           0.0026906,             0.84272,             0.74837,             0.73689,             0.53257,            0.029039,            0.046756,           0.0018195,           0.0020327,           0.0020327,           0.0020327
                 158,            0.013299,            0.018516,           0.0028201,             0.85152,             0.76734,              0.7431,             0.53876,             0.02909,            0.043715,           0.0018992,           0.0019881,           0.0019881,           0.0019881
                 159,            0.013119,            0.018132,           0.0024503,             0.85978,             0.76742,             0.75064,             0.54391,            0.028739,            0.041278,           0.0018148,           0.0019443,           0.0019443,           0.0019443
                 160,            0.012667,            0.018123,           0.0027221,             0.86422,             0.76743,             0.74915,             0.54978,            0.028629,            0.040392,           0.0019173,           0.0019014,           0.0019014,           0.0019014
                 161,            0.012834,             0.01872,           0.0026027,             0.84721,             0.76743,             0.74371,             0.54036,            0.029216,            0.042218,           0.0019163,           0.0018594,           0.0018594,           0.0018594
                 162,            0.012683,            0.017815,           0.0025543,             0.86775,             0.72586,             0.74068,             0.53764,            0.029159,            0.044866,           0.0018975,           0.0018183,           0.0018183,           0.0018183
                 163,            0.012514,            0.017988,            0.002552,             0.87175,              0.7188,             0.74499,             0.53712,            0.029009,            0.047297,           0.0018633,           0.0017781,           0.0017781,           0.0017781
                 164,            0.012272,            0.017427,           0.0025469,             0.89663,             0.69099,             0.74021,             0.52206,            0.029006,            0.048552,           0.0018675,           0.0017389,           0.0017389,           0.0017389
                 165,            0.012546,            0.018512,           0.0027096,             0.83149,               0.749,             0.73652,             0.52717,            0.028934,            0.049828,           0.0019058,           0.0017005,           0.0017005,           0.0017005
                 166,             0.01287,            0.017712,           0.0026568,             0.83796,             0.75817,             0.75056,             0.53564,            0.028715,            0.046032,           0.0016981,           0.0016631,           0.0016631,           0.0016631
